iter,time,reward,steps,convergence,policy
1,1.2855260000002033,4.0,80.0,17.18991
2,0.2932279999994236,77.0,16.0,21.443357875562004
3,0.7366280000002945,82.0,20.0,28.533441043762004
4,0.23521600000009357,0.0,93.0,35.373251853762
5,0.4182500000000644,68.0,25.0,40.97497550281295
6,0.4223960000002691,92.0,10.0,46.3461505169202
7,0.33396400000018645,64.0,20.0,46.314069043662336
8,0.6363309999999345,76.0,17.0,46.29099586485439
9,1.2559830000000716,-20.0,122.0,47.108301056046855
10,0.8892060000000868,3.0,99.0,47.317496139423085
11,1.0840759999997118,69.0,24.0,40.11757531661103
12,0.4846699999996318,84.0,18.0,35.56628663458737
13,1.074239999999449,32.0,52.0,28.22510370796631
14,0.5889349999996796,61.0,41.0,21.11416808053117
15,0.7278839999997899,67.0,26.0,15.030815472050298
16,1.000579000000279,-672.0,765.0,9.187897092574076
17,0.6476510000004154,54.0,39.0,9.281179297124108
18,0.199785999999591,35.0,58.0,9.037359030710762
19,0.5690329999996635,73.0,20.0,8.687304274008497
20,0.5600569999995031,38.0,55.0,7.995246661228938
21,0.5454489999996426,39.0,63.0,8.00391493448252
22,0.506366999999841,-22.0,124.0,8.291395067215074
23,0.4910389999999154,48.0,54.0,8.328366081694927
24,0.3237770000001916,65.0,37.0,8.148334434570168
25,1.2302189999999769,87.0,15.0,8.596307413967931
26,0.20693200000021506,75.0,27.0,8.567545140745807
27,0.33838099999972115,-205.0,253.0,8.233477178386506
28,0.24784799999988394,51.0,42.0,8.085584658323928
29,1.3111500000002607,-750.0,834.0,8.725789120002103
30,0.24565200000026266,-162.0,264.0,9.3692283364941
31,0.6413370000002416,32.0,61.0,9.79907188051919
32,0.16217200000046006,60.0,33.0,9.295759838189323
33,0.7972529999999978,24.0,69.0,9.02893846748723
34,0.2339089999994215,83.0,19.0,9.529540220443701
35,0.7780390000000637,71.0,31.0,9.933959361106128
36,0.3972340000002461,82.0,20.0,10.26146458192421
37,0.3116850000006721,87.0,15.0,10.649948132936238
38,0.4713540000000904,84.0,9.0,11.26723028113219
39,0.22419100000004022,85.0,17.0,10.23439445456097
40,0.4145710000003078,92.0,10.0,9.92209265349877
41,0.31121299999981034,-105.0,153.0,9.477172063119706
42,0.14635500000004242,65.0,37.0,9.66953111747728
43,0.25771499999915903,91.0,11.0,9.952805568246342
44,0.18200799999945616,76.0,26.0,10.430542234773883
45,0.6000720000001181,33.0,69.0,9.827037993257955
46,0.48288100000082324,66.0,36.0,9.639830824537801
47,0.3005869999999078,-200.0,293.0,9.165501306442412
48,0.34405099999990085,-87.0,189.0,8.953004970812142
49,0.3450669999995881,91.0,11.0,8.550070641847794
50,0.2775109999992864,56.0,46.0,8.572276140271589
51,0.5555859999999413,-13.0,115.0,8.265035597434323
52,0.20047800000000393,86.0,16.0,8.311774648529347
53,0.22947499999936838,-131.0,224.0,8.430483772815567
54,0.28352200000014705,72.0,21.0,7.775013234544187
55,0.19830599999970389,-3.0,105.0,7.564070317979985
56,0.37034899999977,67.0,26.0,7.390241928062631
57,0.609213000000608,5.0,97.0,7.509221673062298
58,0.2552089999996454,81.0,21.0,7.299147891535587
59,0.09737699999945448,60.0,33.0,7.268104742672792
60,0.3581949999995615,91.0,11.0,7.17571733630795
61,0.506793999999644,73.0,29.0,7.288178713267124
62,0.7856259999998727,-293.0,395.0,7.782385661067134
63,0.962740000000295,73.0,29.0,7.364609880363448
64,0.46165899999994764,41.0,61.0,7.7076297483174185
65,0.4559909999999334,-20.0,59.0,8.11756508164765
66,0.5688770000000787,66.0,36.0,8.470434091317909
67,0.5544999999997913,75.0,18.0,8.534924845908474
68,1.3094890000004966,73.0,29.0,8.93910076000972
69,0.2637980000006479,-42.0,126.0,8.928967112384019
70,0.26397800000044214,-24.0,126.0,9.102222924045641
71,0.2885369999994225,-37.0,121.0,9.323352342065828
72,0.8389219999997977,50.0,43.0,8.856865503535644
73,0.30844299999976954,70.0,32.0,9.066739682117213
74,0.2898820000005742,78.0,24.0,8.791194833818468
75,0.3277259999991955,44.0,58.0,8.670838654148888
76,0.7101870000001398,48.0,54.0,8.577817616878097
77,0.9308379999994898,78.0,24.0,8.9897548935843
78,0.5210409999998333,2.0,100.0,8.635960065187193
79,0.2936099999999442,-226.0,319.0,9.134242252149756
80,0.5911949999992672,49.0,53.0,8.727401627464044
81,0.6813240000003162,72.0,21.0,8.310330956983085
82,0.8630109999998581,-17.0,119.0,8.14833663388779
83,0.33798900000014953,85.0,17.0,7.890111753424248
84,0.45692999999946693,67.0,35.0,7.449802221670995
85,0.26633500000006194,-192.0,285.0,7.996884427179756
86,0.19396300000007471,66.0,36.0,7.881730199049334
87,0.5759730000001184,71.0,31.0,7.156703131517962
88,1.9602539999992175,50.0,52.0,7.002671746428783
89,0.26395199999917907,-7.0,100.0,6.385028123815111
90,0.5844269999997209,87.0,15.0,6.64784707399119
91,0.4521900000007406,63.0,30.0,6.4918882426551345
92,1.128161999999655,-176.0,260.0,6.642352801550308
93,0.5318129999993815,-499.0,592.0,6.98102068116895
94,0.28401699999935914,80.0,13.0,6.993397776202855
95,0.7946979999999826,88.0,14.0,6.757335803882391
96,0.825553000000312,63.0,30.0,7.135937856507759
97,0.4024449999997515,67.0,35.0,7.563146077874269
98,0.7886890000001756,66.0,27.0,8.267015691953855
99,0.32191599999986664,69.0,33.0,8.235741557442516
100,0.4390299999998959,74.0,28.0,8.408492633932756
101,0.3490870000000257,79.0,14.0,9.312761017193584
102,0.981926000000577,32.0,61.0,9.918942971675765
103,0.27694599999961156,18.0,84.0,10.444941126058286
104,0.4381929999999201,9.0,93.0,10.965048776160028
105,0.3698850000004583,86.0,16.0,10.591809392317355
106,0.4105079999998651,-190.0,292.0,10.115333136226488
107,0.5719229999998632,20.0,73.0,10.11289334922022
108,0.3158939999998722,81.0,21.0,9.508753246055656
109,0.3817950000000181,50.0,43.0,10.481252394542983
110,0.2644319999998146,53.0,49.0,10.401585176761712
111,0.31536899999995427,-37.0,130.0,10.048963267565789
112,1.0192370000003947,66.0,27.0,9.689753133237474
113,0.4326829999996562,86.0,16.0,9.460349264310043
114,0.37775000000017656,83.0,19.0,9.01076259725436
115,0.3728120000001667,-16.0,118.0,9.21697733463303
116,0.5457429999999874,92.0,10.0,9.520007239232351
117,0.4018920000001813,64.0,29.0,9.939907357228757
118,0.3425979999995832,16.0,86.0,10.210904179561254
119,0.6439650000000796,72.0,30.0,9.479963374849818
120,0.3257100000002566,46.0,38.0,9.11128915610782
121,0.213108000000517,70.0,32.0,9.112393954972786
122,0.3657859999997015,69.0,24.0,9.049250850714003
123,0.36693600000070603,46.0,47.0,8.512269158352272
124,0.17115200000006325,70.0,32.0,8.279188360924698
125,0.17918399999938828,49.0,53.0,7.862215722262652
126,0.5706370000000405,73.0,20.0,7.675010829717746
127,0.16352200000024908,74.0,19.0,6.710854194893608
128,0.11561300000018093,-44.0,146.0,6.10275222411793
129,0.32301799999956415,64.0,29.0,5.917730050387187
130,0.5397870000001248,63.0,30.0,5.860197543804285
131,0.200612000000433,12.0,72.0,6.07428112079176
132,0.30875699999999284,82.0,20.0,5.962351154049699
133,0.22352099999967123,74.0,28.0,6.31127735625792
134,0.4237609999995229,90.0,12.0,6.701219910051836
135,0.17494599999956506,65.0,28.0,6.701191201525077
136,0.15620500000057547,81.0,21.0,6.488301895413668
137,0.47411300000010925,49.0,53.0,6.671494650341967
138,0.5167230000004963,-8.0,110.0,7.619252338400543
139,0.4780760000002715,75.0,27.0,8.514096350506769
140,0.35419900000022153,64.0,29.0,8.793965653118082
141,0.560398000000184,18.0,84.0,8.741147297541811
142,0.4859829999999121,84.0,18.0,8.531760442620826
143,0.1032079999996327,93.0,9.0,8.530764885343405
144,0.19199499999977832,78.0,15.0,8.853876567240418
145,0.23279199999937106,64.0,29.0,9.653248252233345
146,0.7103189999995152,58.0,44.0,10.315617802654433
147,0.6647570000000158,49.0,26.0,10.877329310827104
148,0.3033239999998827,85.0,17.0,10.292456932103386
149,0.46612600000006665,64.0,38.0,9.861105533097028
150,0.38124399999972525,29.0,55.0,9.879463054489786
151,0.797171999999513,55.0,47.0,9.698079951776005
152,0.2201629999998289,60.0,42.0,9.622115551425901
153,0.9225750000005917,47.0,46.0,9.755055215709628
154,0.3774129999998266,72.0,30.0,9.537823523716458
155,0.5130830000004138,-32.0,134.0,8.83192473182531
156,0.6335939999999596,54.0,39.0,8.29019334921345
157,0.6568279999994431,76.0,17.0,8.143109657825812
158,0.4644469999997014,-320.0,395.0,7.843379316473788
159,0.2920790000002782,-126.0,219.0,7.34523650087719
160,0.3923349999999104,87.0,15.0,7.6190474469345775
161,0.4960110000000739,86.0,16.0,7.136576777664976
162,0.34624500000024483,89.0,13.0,7.598318443894351
163,0.5177930000002107,89.0,13.0,7.496718611650907
164,0.6197039999999987,-973.0,1066.0,7.34422322364747
165,0.43364699999948186,-196.0,190.0,7.862779085957966
166,0.3874509999999276,18.0,84.0,8.47261580948712
167,0.2495859999998018,45.0,57.0,8.90239065211961
168,0.8257089999998968,79.0,23.0,9.5692026277513
169,0.7505830000003044,19.0,74.0,10.047699508091082
170,0.15452700000029296,60.0,42.0,9.990418947695707
171,0.40912700000017566,20.0,73.0,10.354956472663298
172,0.6060849999993678,42.0,51.0,10.457386786950533
173,0.542616999999801,82.0,20.0,10.814521320522118
174,0.25575300000024725,1.0,101.0,11.79003895249045
175,0.23070399999980395,44.0,58.0,11.274236111414053
176,0.33189200000016683,84.0,18.0,10.630664329486951
177,0.4864830000004261,-17.0,92.0,9.916230489288157
178,0.32000000000032003,88.0,14.0,9.32931160017082
179,0.21837400000013218,63.0,39.0,8.998212589358221
180,0.7391489999992729,26.0,76.0,8.875827402097135
181,0.1931929999994253,83.0,19.0,8.811949526691656
182,0.4728229999999556,62.0,40.0,8.380152437847979
183,0.5316829999992834,47.0,55.0,7.725909266539449
184,0.9731080000001668,74.0,19.0,6.852146474539163
185,0.29502699999994775,81.0,21.0,6.956303171890812
186,0.5920850000000755,86.0,16.0,7.076933732419616
187,0.6168159999999645,44.0,49.0,7.086865631790596
188,0.283964000000303,33.0,60.0,7.229358053373292
189,0.28506100000047496,64.0,20.0,7.335682609402274
190,0.19725199999953702,81.0,21.0,7.154700407101681
191,0.941555999999899,-369.0,444.0,7.163215262905339
192,0.5947900000000672,93.0,9.0,7.208749021986849
193,0.24101500000028864,63.0,30.0,7.067390481377126
194,0.6261050000002655,32.0,70.0,7.415121682088954
195,0.25583499999992654,51.0,42.0,7.348220738011596
196,0.1646080000003991,85.0,17.0,7.502595276564546
197,0.2782290000000742,42.0,42.0,7.777322374253956
198,0.26751499999999595,-62.0,155.0,7.741653301350469
199,0.27503899999992143,50.0,52.0,7.416423404028171
200,0.21404599999996776,75.0,27.0,7.360848662782897
201,0.6273900000000054,76.0,26.0,7.614935725048779
202,0.2132050000005492,41.0,43.0,7.813726269864652
203,0.4308329999993532,20.0,55.0,8.339656633503393
204,0.29349300000003353,81.0,12.0,8.022371003995243
205,0.3863989999999262,51.0,42.0,8.02863537918545
206,0.19670799999982336,71.0,31.0,8.09025533332378
207,0.269437000000039,69.0,33.0,7.808669551655076
208,0.4866809999999333,-23.0,116.0,7.882872019254516
209,0.4882600000000181,50.0,52.0,8.187013560559603
210,0.11802900000024152,71.0,22.0,8.601713570612107
211,0.1421310000004894,48.0,45.0,8.51513639269314
212,0.2831460000001229,70.0,23.0,8.200783858307345
213,0.48405400000017806,67.0,35.0,7.798860615814059
214,0.27658700000010583,70.0,23.0,7.964638863740918
215,0.4264780000005075,48.0,45.0,7.60330620471813
216,0.29633900000014535,-47.0,149.0,7.399159252631463
217,0.6584379999994283,91.0,11.0,7.482955204124375
218,0.7804970000000466,27.0,75.0,7.730373830949043
219,0.33794199999981345,90.0,12.0,7.946243644372059
220,0.26343299999975756,87.0,15.0,7.737742201702602
221,0.25026899999947005,77.0,25.0,7.433544299176397
222,0.33868099999967427,70.0,32.0,7.480748082846404
223,0.46135199999941534,8.0,94.0,7.509019415959796
224,0.2804149999997563,-289.0,391.0,7.509010505871498
225,0.31599199999998717,40.0,62.0,7.899098555082996
226,0.11309400000047987,36.0,57.0,7.966458012590498
227,0.20692899999996683,77.0,25.0,7.911553769068204
228,0.36511500000013797,36.0,66.0,7.222885416639895
229,0.5166020000002547,57.0,45.0,6.9039674778763125
230,0.39301400000013587,60.0,42.0,6.543795747287218
231,0.522306000000583,29.0,73.0,7.364014878407343
232,0.36346999999992136,85.0,17.0,7.484056831311905
233,0.27552099999983426,59.0,34.0,7.538057851624035
234,0.19779399999997338,56.0,37.0,7.274624716951665
235,0.5623889999997189,79.0,23.0,7.5193725115065835
236,0.5542349999991814,62.0,40.0,7.788414037322669
237,0.12406200000025791,80.0,22.0,7.8630027414442525
238,0.36695499999961356,66.0,36.0,8.222926604029158
239,0.29371300000047285,81.0,12.0,8.429738552045345
240,0.5273319999998805,92.0,10.0,8.674369082208518
241,0.1351109999996325,52.0,50.0,7.761535869691895
242,0.6434219999995605,84.0,18.0,7.894564197619457
243,0.15205299999987432,65.0,28.0,7.6469920679044865
244,0.2454119999999449,-11.0,86.0,7.6707151815099
245,0.27987899999981636,92.0,10.0,7.325662592778743
246,0.13203399999994758,67.0,26.0,6.971784230368465
247,0.1980520000000041,83.0,19.0,6.817855508201609
248,0.4082849999997862,-55.0,157.0,6.869004846793534
249,0.4412829999997925,88.0,14.0,6.692416065358989
250,0.39336499999986785,72.0,21.0,6.96203557099137
251,0.656836000000105,82.0,11.0,6.773342841097491
252,0.17619700000004457,80.0,22.0,6.201729433231752
253,0.581700999999768,91.0,11.0,6.536516458084111
254,0.1553109999994362,87.0,15.0,6.357574807300414
255,1.048112000000323,-28.0,67.0,6.806066047468741
256,0.7778479999993593,55.0,38.0,7.678072844180242
257,0.9615329999999034,79.0,14.0,8.204748668581797
258,0.7235410000001608,36.0,48.0,8.582655466555938
259,0.48813100000000276,36.0,66.0,9.571803334373552
260,0.289423000000788,-76.0,160.0,9.577525677915357
261,0.8530410000000543,62.0,40.0,9.793690102862405
262,0.7398279999994983,-12.0,105.0,10.557245109582585
263,0.2703670000006042,90.0,12.0,10.617634881026756
264,0.4287879999997912,49.0,53.0,10.766815211436146
265,0.439749999999961,37.0,65.0,10.341165104899464
266,0.5563830000001602,86.0,16.0,9.933042958244904
267,0.11922599999980577,57.0,45.0,9.512751950861574
268,0.8261159999998213,87.0,15.0,9.131131607446562
269,0.8754319999999538,60.0,42.0,8.481981242030866
270,0.20587900000013093,70.0,32.0,8.1873999850684
271,0.18155700000033193,82.0,20.0,8.009425869754356
272,0.3323159999997216,51.0,33.0,7.723440913739964
273,0.8854449999997627,90.0,12.0,7.55042211174618
274,0.25398300000034624,89.0,13.0,7.237985840714494
275,0.32004100000015967,-149.0,206.0,7.522411864036906
276,0.499866000000182,62.0,31.0,6.809844306702942
277,0.18953699999979534,72.0,30.0,6.673092144186884
278,0.45984499999995876,46.0,56.0,6.945939984702806
279,0.1698010000001915,60.0,42.0,6.77412057451709
280,0.305414999999698,32.0,61.0,6.802797475897282
281,0.6154340000001923,10.0,92.0,7.284468538405297
282,1.161230000000124,93.0,9.0,7.159046900488488
283,0.5477469999997098,-10.0,112.0,7.294522142919729
284,0.5990809999998348,80.0,13.0,7.595648901495352
285,0.806809000000186,-114.0,162.0,7.733076264970771
286,0.3622009999997289,62.0,31.0,8.480130269738932
287,0.32031099999940693,73.0,11.0,8.711660873943526
288,1.1361499999997804,49.0,53.0,8.479100095871384
289,1.3821270000002883,-11.0,113.0,9.690770343545303
290,0.31881099999964135,72.0,30.0,11.018752754099259
291,0.779761000000434,49.0,53.0,10.741404212863397
292,0.3897159999999289,-157.0,259.0,10.825036613334216
293,0.39696099999986245,75.0,18.0,10.747167730868021
294,0.7017509999993621,59.0,34.0,11.219394985304133
295,0.8370189999995503,60.0,42.0,11.413210871715906
296,0.33235300000011847,81.0,21.0,11.500480051168148
297,0.6315689999993879,34.0,59.0,11.194078135644613
298,0.09232100000033938,84.0,9.0,10.698287799838184
299,0.3439040000001725,91.0,11.0,9.775548507462824
300,0.40853000000051765,82.0,11.0,8.749896688188581
301,0.28681399999985757,82.0,20.0,9.253885750962455
302,0.34516499999970307,43.0,59.0,9.997917994122405
303,0.16435900000022485,69.0,33.0,9.650065215544108
304,0.14632300000005927,88.0,14.0,9.137559201877657
305,0.5522829999993206,-3156.0,3258.0,8.573934038100285
306,0.3381769999997175,54.0,39.0,7.908358127853939
307,0.414248000000228,58.0,44.0,7.921260685980561
308,0.4403210000001323,58.0,44.0,8.493834062037978
309,0.6098400000000836,67.0,26.0,8.313131727130607
310,0.3507059999998674,77.0,25.0,8.270686947821234
311,0.8702889999998575,-91.0,157.0,7.759287133156188
312,0.7898400000003747,57.0,36.0,6.822650997302084
313,0.2560159999998035,77.0,16.0,7.128668717098381
314,0.354978999999922,88.0,14.0,7.338090890741411
315,0.5171549999998248,88.0,14.0,7.299588697879602
316,0.17442700000014355,54.0,48.0,7.558152932410683
317,0.5585799999998642,90.0,12.0,7.842469277075381
318,0.27389500000030154,80.0,22.0,8.07212976367807
319,0.14253400000008298,-20.0,122.0,7.835194893354917
320,0.4776269999995364,65.0,37.0,7.446562351152669
321,0.30170700000020645,85.0,17.0,7.351239872983062
322,0.15325100000040948,64.0,38.0,7.547454002885191
323,0.3291039999995249,74.0,28.0,7.4710568908308375
324,0.27487000000014916,81.0,21.0,7.71024467969084
325,2.2112510000003027,-814.0,907.0,8.194035826324862
326,0.4743830000002447,86.0,16.0,8.159884589385342
327,0.16351799999991812,70.0,32.0,7.57680176327793
328,0.37289600000001144,84.0,9.0,7.4148307077181785
329,0.5134330000000631,59.0,43.0,8.039253762433084
330,0.21556999999994275,78.0,24.0,8.183362552418439
331,0.21612900000000934,86.0,16.0,8.380510552943559
332,0.11958600000028241,32.0,70.0,8.330669433946259
333,0.4343440000003085,89.0,13.0,8.695747520570077
334,0.27474700000063024,4.0,89.0,7.97463112688879
335,0.19604800000028177,90.0,12.0,7.131941464274535
336,0.298493999999927,93.0,9.0,6.9766859104862435
337,0.14047400000016808,62.0,40.0,7.192657710061444
338,0.21076700000044468,85.0,17.0,6.604271164820169
339,0.12176999999979898,85.0,17.0,5.5221381493571595
340,0.5868050000001901,67.0,17.0,5.364032080394123
341,0.665110999999996,72.0,21.0,5.428602826837074
342,0.9077580000003138,83.0,19.0,5.732657084771733
343,0.27480400000001737,69.0,33.0,5.840652655692892
344,0.5105310000006469,79.0,14.0,6.2781059846327025
345,0.3192990000000506,89.0,13.0,6.353342907964657
346,0.22534600000057026,84.0,18.0,6.281891571645514
347,0.3754040000005787,69.0,33.0,6.664637382010611
348,0.5513179999994122,-11.0,104.0,6.922339160562023
349,0.590462000000791,31.0,62.0,7.076408999136139
350,0.5566300000001689,-111.0,195.0,7.3501998136181825
351,0.25937500000061675,-159.0,261.0,6.902963627823171
352,0.13493499999928105,61.0,41.0,6.380554315041235
353,0.5734280000000425,75.0,18.0,7.190063379896431
354,0.26049899999947,63.0,39.0,7.12307349916739
355,0.22307500000007252,71.0,22.0,7.381066518279622
356,0.2726060000002306,62.0,31.0,7.548361715055665
357,0.3145540000000224,72.0,21.0,7.473288448716765
358,0.47566799999998466,46.0,56.0,7.7167107337771785
359,0.40914100000044584,58.0,44.0,8.124112971281068
360,0.4631090000000171,57.0,45.0,8.169084762055137
361,1.054273000000272,18.0,39.0,9.034083343313384
362,0.41350099999970524,56.0,46.0,9.066961090390297
363,1.119083999999937,18.0,75.0,7.664745647053931
364,0.4317529999999792,75.0,27.0,7.696268802725771
365,0.2736720000005022,56.0,46.0,7.554119506861902
366,0.8293449999996483,76.0,26.0,7.650482662513658
367,0.5316190000002052,46.0,47.0,7.422159000682742
368,0.2171449999996966,74.0,19.0,7.015125592629211
369,0.1601549999996621,57.0,45.0,6.380028923392826
370,0.20229500000024103,57.0,36.0,6.164017067143774
371,0.382254999999887,72.0,21.0,5.591007958634288
372,0.5073130000008419,-4.0,106.0,5.854935294446962
373,0.31469599999933706,44.0,58.0,6.091060465522821
374,0.4368729999999488,87.0,15.0,5.76445618491856
375,0.23154600000019343,46.0,47.0,5.993499382171815
376,0.2891549999999299,-16.0,118.0,5.876203933459605
377,0.4693669999999983,50.0,52.0,5.865709455543095
378,0.33521000000025225,75.0,27.0,5.945203148044056
379,0.3978629999998873,68.0,34.0,6.264560460654084
380,0.4743329999996604,77.0,25.0,5.8892806543087035
381,0.6704260000001128,65.0,37.0,5.880412881586667
382,0.6876719999997505,70.0,32.0,5.902820475502461
383,0.46143800000031376,61.0,41.0,5.724419318045799
384,0.5831189999998543,89.0,13.0,5.8513393757307
385,0.21115799999993357,78.0,15.0,5.636199999348134
386,0.3521170000002627,78.0,15.0,5.952390255346764
387,0.2433970000002006,75.0,18.0,6.139718105631348
388,0.29807099999956677,69.0,24.0,6.552670570151716
389,0.20839500000047195,16.0,68.0,6.9617790390736545
390,0.7630260000004441,67.0,17.0,7.116084129686608
391,0.5681889999999967,78.0,15.0,7.396219004453037
392,0.4320010000000707,-19.0,112.0,7.659526132021128
393,0.35729000000017663,-26.0,101.0,8.275729221594961
394,0.6653509999994256,78.0,15.0,8.683802588802898
395,0.5613090000000653,-181.0,238.0,9.482934322557766
396,0.37222599999964245,74.0,19.0,9.65616367286635
397,0.31061199999982136,69.0,24.0,9.613570410931906
398,0.24272400000047156,32.0,70.0,9.477899372672521
399,0.3021729999996836,86.0,16.0,9.286653735313191
400,0.23449299999978024,82.0,20.0,9.713118404875491
401,0.12223000000055606,27.0,75.0,9.351104728956328
402,0.10730800000047225,90.0,12.0,8.962875040843258
403,0.35341099999985914,-42.0,90.0,8.74591808041338
404,0.2308520000005032,81.0,21.0,8.796151951979384
405,0.2923450000000827,41.0,61.0,8.455659585453214
406,0.2578870000000677,34.0,32.0,8.143938914097053
407,0.4718229999998158,55.0,47.0,8.659207644604717
408,0.3296139999999781,-70.0,127.0,8.373676066684805
409,0.22669300000011106,85.0,17.0,8.515355866446889
410,0.7912759999992858,83.0,19.0,8.789446977837553
411,0.3768659999998647,85.0,17.0,8.71751803628712
412,0.1400049999995545,75.0,27.0,8.997160593282047
413,0.4370410000005265,69.0,24.0,9.244269437651107
414,0.44303299999981505,82.0,20.0,8.899508370706933
415,0.4341889999999182,80.0,22.0,8.72076991745526
416,0.37846699999999345,84.0,18.0,8.856729882937836
417,0.4644030000005017,52.0,41.0,8.340363492380046
418,0.2845279999998951,42.0,42.0,8.441103174067836
419,0.3178679999997769,59.0,34.0,8.821758366421111
420,0.35872700000005864,41.0,34.0,8.72846352486155
421,0.26315399999976563,43.0,59.0,8.95888103519023
422,0.3274239999999651,44.0,58.0,8.835825430284292
423,0.22628000000057824,81.0,12.0,8.357463367209988
424,0.28870600000008295,48.0,54.0,8.153697979140931
425,0.42162000000001143,90.0,12.0,8.739741837024754
426,0.2759780000003431,89.0,13.0,8.36659344015755
427,0.6928420000003044,64.0,38.0,8.40524568791125
428,0.647142000000045,90.0,12.0,8.73152818952781
429,0.42000399999952975,47.0,46.0,8.658903177909021
430,0.4608350000001593,67.0,35.0,8.626899837420321
431,0.38097499999967255,13.0,62.0,8.924627294734542
432,0.5762210000002099,-4.0,97.0,8.78697576806795
433,0.39811300000014427,-143.0,245.0,9.223651354251487
434,0.2394189999996854,-6.0,108.0,9.231381697040566
435,0.29602299999975656,84.0,18.0,8.869761221424291
436,0.32392199999975446,48.0,54.0,9.0990950733734
437,0.165921999999874,51.0,51.0,9.564872656798862
438,0.2645860000001221,61.0,32.0,9.355886867005978
439,0.42993800000079574,72.0,30.0,9.426405846175555
440,0.35128800000006066,50.0,34.0,9.665166814146074
441,0.3401560000000359,1.0,92.0,9.297210679460566
442,0.43147099999973904,38.0,37.0,9.193315775632964
443,0.4144390000000442,7.0,86.0,9.108218565252542
444,0.31726299999945695,45.0,48.0,9.700243699170771
445,0.32641299999980333,54.0,48.0,9.410605461972605
446,0.46739499999937095,36.0,57.0,9.178341173057202
447,0.4037649999997228,70.0,23.0,8.549895646506162
448,0.3268889999992197,-614.0,707.0,8.98638961030809
449,0.5454179999997422,29.0,46.0,9.290915321525917
450,0.6364599999999498,1.0,101.0,8.700276341244516
451,0.14222599999946794,-342.0,336.0,9.019895235770854
452,0.5013690000001958,-913.0,979.0,9.631218435782156
453,1.1817019999993406,-8.0,92.0,10.046423969165645
454,0.5329029999998625,23.0,61.0,10.11161083194136
455,0.3779020000003186,60.0,42.0,10.505006662337188
456,0.30765999999982085,54.0,48.0,11.322431787877488
457,0.6529780000006369,62.0,22.0,11.567336539133702
458,0.513302999999965,65.0,37.0,11.11094578309816
459,0.43405500000037733,87.0,15.0,10.569266113771647
460,0.6525870000002598,85.0,17.0,10.273917129391009
461,0.6622760000007943,47.0,55.0,10.484760433103572
462,0.6085130000004213,68.0,34.0,10.5833200758602
463,1.5646710000005726,-1.0,94.0,10.179243813437065
464,0.45506699999986466,59.0,43.0,9.875461607948793
465,0.2859349999999594,52.0,41.0,9.500470537047388
466,1.3933829999999148,-194.0,206.0,9.334395087767426
467,0.5868920000002831,84.0,18.0,9.45310477459875
468,0.7070940000000192,7.0,95.0,9.323523789311977
469,0.3208340000000476,55.0,47.0,9.216423201003426
470,0.4831929999999929,81.0,21.0,9.991575692026402
471,0.3506870000000717,77.0,16.0,9.34639213202439
472,0.3401450000000139,44.0,49.0,8.358224892685943
473,0.3883609999997262,80.0,22.0,8.254652662244366
474,0.3497670000003339,74.0,28.0,8.497264234465138
475,0.293168999999871,45.0,57.0,8.929805016387087
476,0.5630650000005843,63.0,39.0,8.259058596790513
477,0.12670499999956064,83.0,19.0,7.647980815954514
478,0.3274529999997,79.0,23.0,7.562946788369882
479,0.3576900000004102,66.0,27.0,7.205489575377842
480,0.13418099999995547,81.0,21.0,7.023159378001383
481,0.3444940000001395,76.0,26.0,7.378709877944208
482,0.6394969999998779,-440.0,542.0,7.807841557080114
483,0.5805670000000873,87.0,15.0,7.625482588388969
484,0.33629099999998857,59.0,43.0,7.578253579985789
485,0.33444999999954206,81.0,21.0,7.3823316720769
486,0.3152630000000656,64.0,38.0,7.626427649417266
487,0.31228800000082657,-129.0,222.0,8.182434271482283
488,0.4964699999998601,-40.0,133.0,9.10880105434883
489,0.1731539999996201,91.0,11.0,9.09528412630886
490,0.10211199999954346,93.0,9.0,8.548179038994933
491,0.22524500000020709,83.0,19.0,8.062929558125969
492,0.3546070000002288,73.0,29.0,8.2854763959849
493,0.5798380000001657,5.0,88.0,8.44104813929988
494,0.2476350000000238,52.0,50.0,8.09499273938242
495,0.6707559999998836,23.0,70.0,7.816360050547702
496,0.4565159999998514,70.0,32.0,8.023577285386072
497,0.4664770000006868,-241.0,343.0,7.7287773271886735
498,0.2936319999999881,89.0,13.0,6.849155600365576
499,0.2707839999995798,62.0,40.0,7.051791936334304
500,0.33899399999981483,89.0,13.0,7.33430805606284
501,0.23477500000002038,80.0,13.0,7.619888775089985
502,0.35137299999998817,82.0,20.0,7.3666577364393095
503,0.24253700000009815,77.0,25.0,6.990413647420534
504,0.842679000000679,4.0,89.0,7.2065393121611425
505,0.7052199999995068,51.0,51.0,7.9332297050594764
506,0.7062289999995031,-137.0,158.0,8.437141360945613
507,0.453280999999528,67.0,35.0,9.252529401768518
508,0.42770799999924947,-214.0,307.0,9.470227432478572
509,0.3781519999996874,74.0,19.0,9.193109642698015
510,0.21382100000000293,68.0,34.0,9.069584253084562
511,0.3087920000002242,-21.0,105.0,9.450634321551767
512,0.21607000000045673,58.0,44.0,10.107263063788162
513,0.2785869999994972,52.0,41.0,10.33272469915965
514,0.6732060000000928,83.0,19.0,10.557322918550318
515,0.49531099999988726,-33.0,126.0,9.712277439551345
516,0.45156699999981953,48.0,54.0,8.980791314193096
517,0.2598779999996026,53.0,40.0,8.746344570165379
518,0.2709159999998434,-6.0,108.0,9.178852536376443
519,0.2742239999999896,84.0,18.0,9.333852491564846
520,0.30648899999974333,68.0,25.0,9.52276940919577
521,0.19307599999951464,84.0,18.0,9.130704006132179
522,0.15242400000037293,82.0,20.0,8.677272174303706
523,0.5104730000002888,83.0,19.0,8.865384048416683
524,0.2925219999996287,-24.0,126.0,9.396291469957797
525,0.555434999999882,61.0,32.0,9.743395354515572
526,0.1450170000003581,91.0,11.0,9.343881774293825
527,0.36839599999982653,70.0,23.0,9.100795518651337
528,0.7288960000000344,82.0,11.0,9.801874984856829
529,0.11188499999992274,84.0,18.0,9.652129053040795
530,0.2811559999997826,93.0,9.0,9.456203397862165
531,0.3994719999997898,3.0,81.0,9.505598487087058
532,0.7427709999996424,-267.0,351.0,9.78203888887371
533,0.2449399999999713,80.0,22.0,9.689240225307325
534,0.44401500000024186,84.0,18.0,9.072517437686942
535,0.2121729999995381,59.0,43.0,8.890739059655399
536,0.45552000000004256,54.0,48.0,9.731004208130148
537,0.324911999999955,27.0,66.0,9.321779592091604
538,0.7059119999999197,-44.0,146.0,7.952904478258105
539,0.36567099999995634,62.0,40.0,8.336172304419906
540,0.11983599999965122,84.0,18.0,8.129807448633631
541,1.050030000000035,57.0,36.0,8.569060725154236
542,1.0650700000001123,75.0,27.0,8.344267093886874
543,0.5745900000002635,77.0,25.0,8.142141399335527
544,0.8221530000005473,82.0,20.0,8.038286845852179
545,0.5503290000001826,75.0,27.0,7.876997684227971
546,0.6355479999999858,74.0,28.0,7.217753248829429
547,0.6326110000003382,61.0,32.0,8.097079154298418
548,0.17011999999994032,61.0,32.0,8.139785962711041
549,0.257698000000417,35.0,58.0,7.712930966181406
550,0.4173990000007066,70.0,14.0,8.613027020900057
551,0.30420099999961536,83.0,19.0,8.314585537112343
552,0.23546400000018508,54.0,39.0,8.153451088401798
553,0.6392299999999906,50.0,52.0,7.981052596114101
554,0.2332420000001889,47.0,55.0,7.693330865081274
555,0.13588699999989018,83.0,19.0,7.917835085749895
556,0.30911900000063497,51.0,51.0,8.313597742023003
557,0.2710459999999415,87.0,15.0,7.964229897862464
558,0.49118900000078014,70.0,32.0,8.320778837185332
559,0.11838100000005625,-157.0,187.0,8.30265836117907
560,0.3131280000001624,85.0,17.0,7.869143338425038
561,0.24452200000002478,85.0,17.0,8.087872394712525
562,0.42285900000038623,-20.0,122.0,8.086575233871727
563,0.12252199999984725,5.0,97.0,8.229709962661849
564,0.7184780000004665,80.0,22.0,8.471410499284575
565,0.16890400000058037,86.0,16.0,8.723347133214276
566,0.25391500000004896,80.0,13.0,8.297028983288566
567,0.3375469999999936,83.0,19.0,8.23376451412467
568,0.443720999999897,53.0,49.0,8.333537400335562
569,0.3713279999999486,-112.0,214.0,8.77778560476075
570,0.16944800000029403,83.0,19.0,9.172372932164487
571,0.9371490000003035,69.0,33.0,9.13220381477588
572,0.1918720000002594,30.0,45.0,9.309807633030118
573,0.2345510000001383,87.0,15.0,9.300856769691986
574,2.7680329999997255,74.0,19.0,9.332311259419027
575,0.2028649999994414,78.0,24.0,9.111336645743794
576,0.42468100000014886,83.0,19.0,9.533243304340777
577,0.24844999999995565,88.0,14.0,9.325160885023658
578,2.6415640000001517,-228.0,330.0,9.241173600607514
579,0.7676329999997122,49.0,53.0,9.621006946409182
580,0.3423599999994309,78.0,24.0,9.24335545849284
581,0.30301399999999035,-34.0,127.0,9.026698348482459
582,0.6409869999997042,37.0,56.0,9.026822807011891
583,0.5502140000004374,-83.0,176.0,10.530099643975387
584,0.563130999999828,63.0,30.0,10.357091935238062
585,0.30724700000028804,80.0,22.0,10.93707733545091
586,0.4208989999998636,71.0,31.0,10.84181478228054
587,0.4639439999998274,-17.0,65.0,11.282989821739024
588,0.3589919999997804,77.0,25.0,11.05005173201525
589,0.20390699999950357,72.0,30.0,10.236979454745157
590,0.295376999999597,93.0,9.0,10.078011720228936
591,0.3552579999999139,50.0,52.0,9.658228703115224
592,0.3337950000004142,80.0,22.0,9.80096316278058
593,0.27305299999991206,32.0,61.0,8.042488964209493
594,0.31254900000021735,-50.0,143.0,7.8135385046240575
595,0.7082689999995395,35.0,67.0,8.133621448020406
596,0.5447470000001786,69.0,33.0,8.220591309847352
597,0.3499580000001501,-337.0,385.0,7.996400992365089
598,0.6916040000000123,92.0,10.0,8.476637750727589
599,0.7547050000002997,58.0,44.0,8.97063582256596
600,0.126073999999754,45.0,57.0,9.282467199067742
601,0.2570090000002523,84.0,18.0,9.945076108715066
602,0.20716999999947916,-130.0,223.0,9.737807269010316
603,0.14252400000014376,25.0,68.0,9.77924938045737
604,0.7001980000005403,31.0,71.0,9.633639565304154
605,0.3954730000002016,12.0,90.0,8.488077563203879
606,0.1306799999998276,72.0,30.0,8.12687552276218
607,0.6476069999994394,87.0,15.0,7.682156737877695
608,0.5721869999995022,82.0,20.0,7.506337459934637
609,0.15825000000013745,-1.0,85.0,7.170564553618535
610,0.4837269999997673,48.0,45.0,6.882123784767607
611,0.19418300000051403,59.0,34.0,6.459233554327615
612,0.4639900000000807,45.0,57.0,6.256830879217333
613,0.12603799999943988,73.0,20.0,6.955114101980255
614,0.19484599999941565,-29.0,122.0,7.156843101736671
615,0.29261300000005264,58.0,35.0,7.307095692751766
616,0.12662299999988136,13.0,80.0,7.542322093651069
617,0.15745700000024954,90.0,12.0,7.526217144299586
618,0.36072300000000723,-225.0,201.0,6.871912705327472
619,0.5585889999997207,67.0,26.0,7.310698388701631
620,0.42447099999964877,-259.0,361.0,7.414601912861936
621,0.5652749999995876,69.0,33.0,7.430071078156279
622,0.2503479999997893,80.0,22.0,7.505044588608466
623,0.25696600000024716,54.0,39.0,7.033270364317947
624,0.2632500000006033,91.0,11.0,7.807888524710037
625,0.4155410000006299,56.0,46.0,7.970212641898901
626,0.3111840000000754,88.0,14.0,7.556174257664411
627,0.27206399999979425,-340.0,388.0,7.763371643611454
628,0.6898920000004694,70.0,32.0,8.500433570274602
629,0.6340350000000328,-32.0,134.0,8.30376697730998
630,0.32783199999997237,79.0,23.0,8.217142602331979
631,0.4335729999995763,73.0,20.0,8.167871259538046
632,0.18798199999991994,-361.0,463.0,8.583905821250493
633,0.4024759999996519,44.0,58.0,9.116154829752514
634,0.605758999999928,81.0,12.0,8.628497149295121
635,0.5379789999997442,31.0,71.0,8.785452724669007
636,0.4946040000000096,90.0,12.0,9.175037549161035
637,0.5257979999999662,-3555.0,3657.0,9.578961378555265
638,0.4161480000002271,18.0,84.0,9.581403985118147
639,0.29576300000044853,19.0,83.0,9.246258321783811
640,0.7850390000001539,52.0,50.0,9.354926561393984
641,0.29146800000035,58.0,35.0,9.471546758903285
642,0.7597529999996411,63.0,30.0,9.432507487834432
643,0.33345399999973324,80.0,13.0,8.908355465146547
644,0.3924529999999038,-10.0,112.0,9.267389322348441
645,1.5408340000000464,42.0,51.0,9.031081272517913
646,0.35508099999947973,-37.0,139.0,9.095079033263946
647,1.0193350000005097,48.0,36.0,8.87017398595855
648,0.3075240000001145,77.0,25.0,8.63881090320521
649,1.0104889999995592,75.0,27.0,8.997289784566657
650,1.0310809999998227,19.0,47.0,9.2945869403373
651,0.2648679999994741,76.0,26.0,9.098093663379954
652,0.3940499999997016,76.0,26.0,9.056417216826302
653,0.3139640000000554,-24.0,81.0,9.502057865971604
654,0.3541350000002552,-26.0,110.0,9.257001653270049
655,0.6393179999992782,69.0,33.0,9.402543453725372
656,0.6560030000004602,72.0,30.0,9.847370139444838
657,0.3666049999999643,87.0,15.0,9.734833068329108
658,0.24826900000007868,77.0,25.0,9.31949153691532
659,0.7091450000000776,90.0,12.0,9.29631201215801
660,0.5486670000003357,17.0,67.0,9.150966113156063
661,0.4516749999998737,53.0,49.0,9.269516576422276
662,0.41041299999999836,24.0,78.0,8.892795379061624
663,0.3144540000006302,-66.0,159.0,8.30746209468579
664,0.3340220000005445,74.0,28.0,7.947508050338238
665,0.8371699999996096,-44.0,146.0,7.341813054963117
666,0.6208340000002366,58.0,44.0,6.403548384750072
667,0.3633699999996409,88.0,14.0,6.627807145184687
668,0.17081199999946506,-154.0,256.0,6.834244198402878
669,0.7593649999995122,-1909.0,2002.0,6.627915157277282
670,0.44292399999967813,86.0,16.0,6.370001965792897
671,0.27857400000019794,75.0,27.0,6.910345956019536
672,0.3130460000004831,61.0,41.0,7.237456556466574
673,0.3136519999999976,83.0,19.0,7.591109652622478
674,0.5762190000000444,-289.0,373.0,7.930684344473432
675,0.3301829999999839,79.0,23.0,8.050139006582226
676,0.30884500000016857,78.0,24.0,8.041408298587243
677,0.1338109999995396,86.0,16.0,7.626055028598236
678,0.16725700000019827,69.0,24.0,7.801121360872659
679,0.36293199999981596,90.0,12.0,7.756454701915824
680,0.7697430000002115,45.0,57.0,7.741289584805554
681,0.19327499999999276,60.0,33.0,7.382389707388199
682,0.7812149999999463,59.0,43.0,7.0037388981759126
683,0.4226659999995164,16.0,86.0,6.706662386616967
684,0.46219700000005304,84.0,18.0,6.536940682177368
685,0.4519339999999872,63.0,30.0,6.911687430930113
686,0.7406239999996345,45.0,39.0,6.967510094648944
687,0.3024749999998022,52.0,50.0,7.151694801454239
688,0.3382500000004285,-229.0,241.0,7.402629690359324
689,0.700706000000828,-310.0,394.0,7.813065194177954
690,0.31494599999959405,82.0,20.0,8.241295111960108
691,0.4892600000001579,62.0,22.0,8.249302176962292
692,0.35986700000023575,92.0,10.0,8.421898285376065
693,0.1727220000002916,72.0,21.0,8.376696742124683
694,0.17533599999985938,50.0,34.0,8.363573671282541
695,0.11704300000037193,88.0,14.0,8.20926123777712
696,0.3739449999997646,-49.0,151.0,8.60413727964453
697,0.38257000000019303,-896.0,980.0,9.26987198867438
698,0.5369319999992683,-213.0,306.0,9.109851069984227
699,0.3006980000002102,3.0,99.0,9.14954412579231
700,0.294189999999972,82.0,20.0,8.758629385184818
701,0.5212180000002675,88.0,14.0,8.622214899374317
702,0.12810100000049118,76.0,26.0,8.733814891758032
703,0.31154900000007757,85.0,17.0,8.895184024273643
704,0.15966800000022374,81.0,12.0,8.844441905536002
705,0.3245459999998701,76.0,26.0,8.947611738112132
706,0.20133800000010638,73.0,29.0,8.615911996419097
707,0.4601669999999558,84.0,18.0,7.801878370971198
708,0.17553900000066847,54.0,48.0,8.08693583558013
709,0.43339499999994757,16.0,86.0,8.07558898462076
710,0.6755370000002259,-525.0,618.0,8.756499181341303
711,0.3210400000002167,57.0,36.0,9.085426717934315
712,0.1259190000002519,91.0,11.0,9.121244374999886
713,0.35087000000011415,81.0,21.0,9.290057833248893
714,0.6019970000004093,18.0,48.0,9.523441173671289
715,0.25377500000001163,-38.0,131.0,9.399913927192127
716,0.3824530000002824,46.0,56.0,9.642963247216198
717,0.32362199999980135,83.0,10.0,9.874515398941426
718,0.2117909999999057,60.0,42.0,9.470159192212243
719,0.5791639999994658,69.0,33.0,9.183774574038534
720,0.38172999999996904,55.0,38.0,8.517309238878934
721,0.12860000000003424,88.0,14.0,8.507179973213804
722,0.8466689999995225,55.0,47.0,8.34817613238802
723,0.366301999999763,49.0,53.0,7.895501749681957
724,0.21576699999936721,87.0,15.0,7.530144635557018
725,0.1924969999995696,-87.0,180.0,7.75479197346081
726,0.2544369999997187,52.0,50.0,7.883008760587811
727,0.8048050000004636,76.0,26.0,7.887422381496878
728,0.2915859999994552,93.0,9.0,7.458531635596302
729,0.2172370000002033,80.0,22.0,7.4855224390773945
730,0.36949799999952404,77.0,25.0,7.34980092277288
731,0.47085899999999015,-171.0,75.0,7.5248170672288595
732,0.7004990000005762,-12.0,105.0,7.735055917382349
733,0.643428000000057,16.0,77.0,8.39495083807493
734,0.280415999999839,52.0,32.0,8.64591441042054
735,0.22379600000022037,71.0,31.0,8.841948295404528
736,0.1561319999998645,91.0,11.0,8.455388578224731
737,0.09426599999962093,56.0,37.0,7.738353415039377
738,0.34018599999985355,74.0,19.0,8.145876869279238
739,0.20226999999994888,90.0,12.0,8.074160293894096
740,0.922049000000591,-99.0,201.0,8.317234683109746
741,0.4282609999997078,-7.0,100.0,7.89073566313905
742,0.36153300000041355,31.0,62.0,7.654918957618278
743,0.3328250000000921,51.0,42.0,7.263096581353333
744,0.8155529999998024,47.0,55.0,7.1871731080289205
745,0.24262200000002565,88.0,14.0,6.877375759521868
746,0.2967859999998268,62.0,31.0,7.033039370479902
747,0.261262999999623,75.0,18.0,7.7879656477578605
748,0.2651099999999573,35.0,58.0,7.7699677883798515
749,0.5145239999997386,-1.0,31.0,8.13944068801925
750,0.3476809999991559,-85.0,187.0,7.86353876297604
751,0.31999299999974085,66.0,36.0,8.377518536938181
752,0.26076400000007993,38.0,64.0,8.51690101609412
753,0.25100100000052805,89.0,13.0,8.629422710839851
754,0.697618000000233,-112.0,142.0,8.767798709773546
755,0.3356709999993157,-45.0,129.0,8.50518733995017
756,0.6175429999997206,69.0,33.0,9.165730681780618
757,0.22492699999965282,73.0,29.0,8.737853549285195
758,0.2754859999996029,90.0,12.0,8.999162521750854
759,0.1555120000000798,66.0,27.0,8.564467865884476
760,0.5076060000002158,52.0,50.0,8.753050801375656
761,0.7083259999998148,39.0,45.0,8.6888770787486
762,0.21770700000001142,72.0,30.0,8.783688265612478
763,0.5773940000004529,87.0,15.0,9.688004508089225
764,0.3265839999997411,78.0,24.0,9.401938092665606
765,0.3651350000000164,69.0,33.0,9.574254307039535
766,0.5453659999998806,-121.0,214.0,8.968549864537152
767,0.34882399999958125,89.0,13.0,9.303702150128048
768,0.31466099999999386,12.0,81.0,9.167938066816255
769,0.2285699999999835,71.0,13.0,9.366109281041542
770,0.6762970000000479,79.0,23.0,9.713148572376427
771,0.43455299999983765,55.0,47.0,9.546150219706098
772,0.440433999999712,9.0,93.0,9.314773980443269
773,0.11923899999999321,82.0,20.0,8.326035878948073
774,0.25017199999943784,27.0,75.0,8.488142657092201
775,0.20963200000068127,85.0,17.0,8.768615457422724
776,0.3928360000005071,-25.0,118.0,9.199353805552565
777,0.5602859999997989,92.0,10.0,9.691044577367993
778,0.18059200000042352,89.0,13.0,9.781566680533205
779,0.39235600000075976,8.0,94.0,10.416661148686973
780,0.8973680000003981,52.0,41.0,10.198172024173234
781,0.6297509999999562,-12.0,114.0,10.072550268099466
782,0.466206999998775,87.0,15.0,10.202081118538132
783,0.21612499999967838,77.0,25.0,10.270398214364537
784,0.31483600000115075,42.0,51.0,10.58793552915159
785,0.6454999999991884,43.0,50.0,10.304501879723784
786,0.3262139999993252,58.0,35.0,10.002537020349202
787,0.13731900000024666,31.0,62.0,9.672786375237427
788,0.7265600000003758,54.0,39.0,10.052331213551293
789,0.1835679999988571,92.0,10.0,9.787519458906639
790,0.6336019999988451,39.0,36.0,9.695921517326818
791,1.7003730000002548,10.0,92.0,9.951851648349066
792,0.42827700000103164,82.0,20.0,9.569237957774297
793,0.40205899999889994,-101.0,194.0,9.442671189392836
794,1.0538719999999557,13.0,89.0,9.044878984694986
795,0.11826200000086828,69.0,24.0,9.314362523030326
796,0.0943289999995045,-24.0,117.0,9.04615249797823
797,0.3765470000001159,-26.0,101.0,9.05958311446501
798,0.25123700000051485,0.0,102.0,8.148172790535828
799,0.46681399999926043,-27.0,129.0,7.853254992288674
800,0.501372000000444,-41.0,125.0,8.301205250352545
801,0.14884700000017403,89.0,13.0,7.892395270016418
802,0.2726150000000871,75.0,18.0,7.7758904301584835
803,0.20806699999909029,30.0,63.0,7.587307367105085
804,0.3951390000000998,73.0,29.0,7.677904473101586
805,0.2097760000001614,75.0,27.0,7.3143499703088235
806,0.2987000000000961,81.0,21.0,8.076830687056836
807,0.15854799999992508,90.0,12.0,7.518179403255331
808,0.3175619999993273,57.0,36.0,7.692424700143496
809,0.3931279999989101,-20.0,113.0,7.562888571386665
810,0.24537499999865986,81.0,21.0,7.087742562172001
811,0.21629899999986435,86.0,16.0,7.220353105280997
812,0.31897200000052806,10.0,83.0,7.6501891041994154
813,0.1489819999989095,-451.0,553.0,8.391125435032139
814,0.4312229999996475,53.0,31.0,8.881828435515562
815,0.5103920000006923,81.0,21.0,9.39932300439494
816,0.21098499999894216,-110.0,212.0,8.598880019272324
817,0.16721000000075037,43.0,50.0,8.592833168887092
818,0.3300389999996156,77.0,16.0,9.141219896979193
819,0.4262560000007909,85.0,17.0,9.531301529978482
820,0.3812630000012973,80.0,22.0,9.641663877903246
821,0.30085300000060045,62.0,40.0,9.451650532900326
822,0.14080900000124075,74.0,28.0,9.106067434840444
823,0.36595399999939104,73.0,29.0,8.39174794590321
824,0.1511680000003679,61.0,41.0,7.342658939763902
825,0.5921519999994018,83.0,19.0,7.171210918789903
826,0.18054500000097562,81.0,21.0,7.366378243003849
827,0.1308200000007531,93.0,9.0,7.370931132294693
828,1.037256000000042,37.0,56.0,7.2941218275887865
829,0.6859639999987621,56.0,28.0,7.025639830165079
830,0.33053499999979863,51.0,51.0,6.93843664426641
831,0.44787800000101186,16.0,86.0,7.183223713895305
832,0.2881880000007442,67.0,26.0,7.033334924693358
833,0.5355350000009196,77.0,25.0,7.479759028486154
834,0.40885800000012296,56.0,46.0,8.03531504720203
835,0.38944000000107337,90.0,12.0,7.8981524571758985
836,0.34185200000003135,67.0,26.0,8.003322207413852
837,0.3282460000004761,-115.0,217.0,8.137377292468555
838,0.21620899999952314,75.0,27.0,7.98274866945728
839,0.3077359999998919,39.0,63.0,7.738384998882692
840,0.36049899999923696,53.0,40.0,7.35717372695702
841,0.4628730000000303,87.0,15.0,7.22253373177478
842,0.2977230000009712,75.0,27.0,7.79797302732175
843,0.5346800000012308,88.0,14.0,7.203138827723211
844,0.328029000000285,87.0,15.0,6.961154213100478
845,0.12976100000017254,8.0,76.0,6.657672878390524
846,0.09657900000092923,73.0,29.0,6.71339830207649
847,0.20340799999907233,48.0,54.0,6.814115388163495
848,0.25278599999900564,-268.0,289.0,7.033031431934577
849,0.20659599999994782,49.0,35.0,7.417463391358369
850,0.10886499999962496,75.0,27.0,7.758039126387375
851,0.6804890000005059,92.0,10.0,7.68132612022359
852,0.3343590000000063,65.0,37.0,7.035830168856674
853,0.3239510000003776,-272.0,365.0,7.561000262504071
854,0.4237089999996613,71.0,31.0,7.700919636568171
855,0.47737599999919667,67.0,26.0,8.254522752637843
856,0.12668199999943397,77.0,16.0,7.957360558887293
857,0.22581899999885024,84.0,18.0,8.005879831992956
858,0.6357329999993055,36.0,57.0,7.218606125219428
859,0.23836200000104668,89.0,13.0,6.894959866596156
860,0.4843980000011072,35.0,49.0,7.010416925068995
861,0.2234049999998433,36.0,66.0,6.688372066448247
862,0.5219259999993398,-152.0,236.0,7.324326076638895
863,1.0575720000005617,58.0,35.0,7.33825033428042
864,0.47516800000124704,82.0,11.0,7.733087701786593
865,0.16295800000065697,39.0,45.0,7.636883473322641
866,0.2612140000000096,46.0,38.0,8.017973621213859
867,1.2006319999997572,74.0,10.0,8.107044413809412
868,0.49684099999858233,20.0,64.0,8.270538183203062
869,0.584883000000147,-32.0,134.0,7.826713706200404
870,0.5993760000002624,-1420.0,1513.0,7.8890179752965235
871,0.6823279999998988,54.0,48.0,9.078768754869763
872,0.3341360000010951,88.0,14.0,8.823151987960069
873,0.2805670000007865,39.0,45.0,8.515724273359552
874,0.4293089999993782,-36.0,129.0,8.414673384596922
875,0.24977800000058892,-574.0,667.0,8.377062408719256
876,0.5564529999997347,-137.0,239.0,7.94959378621823
877,0.5649349999998776,84.0,18.0,7.9068728880146875
878,0.22850599999912902,84.0,18.0,8.203522674158023
879,0.27679999999996596,62.0,40.0,8.77728212856793
880,0.3110240000001596,38.0,64.0,8.528950639952344
881,0.3136850000000635,76.0,26.0,7.842360874776074
882,0.19942700000008529,28.0,74.0,8.205696583207672
883,0.1113029999988413,-359.0,461.0,8.273883226828744
884,0.5545619999995921,84.0,18.0,8.247298402771882
885,0.21377700000080324,93.0,9.0,8.087784510228929
886,0.14749800000046775,80.0,22.0,8.003819190871573
887,0.3253049999987212,93.0,9.0,7.894307779288537
888,0.2611310000002476,-14.0,107.0,7.560076452652434
889,0.2906179999992986,64.0,38.0,7.754159734010656
890,0.4524719999992044,52.0,41.0,7.924919273179883
891,0.19243100000032598,30.0,54.0,8.09130848234424
892,0.3514330000005117,59.0,43.0,8.152978076310589
893,0.4685620000000057,47.0,55.0,7.954839161320154
894,0.09274700000005964,-16.0,118.0,8.117379298337823
895,0.4673120000013853,83.0,19.0,9.140832048821363
896,0.16613800000087053,41.0,61.0,9.459031571754926
897,0.28664099999886616,76.0,17.0,10.489612734526707
898,0.15574000000029287,78.0,24.0,10.730367870960965
899,0.23569299999870452,69.0,33.0,10.911349704911846
900,0.22136900000013782,26.0,76.0,10.679925796537514
901,0.6158420000001996,89.0,13.0,10.531792288893204
902,0.5125410000008657,63.0,39.0,10.170266996959326
903,0.5937159999991337,0.0,102.0,10.473938909691517
904,0.2247880000005864,36.0,66.0,9.996363634757925
905,0.5109220000001358,49.0,53.0,8.987514139855353
906,0.4476629999992099,80.0,13.0,8.845028086559768
907,0.43775700000026063,77.0,25.0,8.043817745767061
908,0.300181000000066,77.0,25.0,8.35385626792936
909,0.13523500000012234,70.0,32.0,8.456981522941877
910,0.1079009999997993,-162.0,255.0,8.891266257453918
911,0.39366800000095736,72.0,21.0,8.380984463967742
912,0.5265609999991483,32.0,52.0,8.202446939105421
913,0.43458200000046077,13.0,89.0,8.284600564118296
914,0.7484499999996785,44.0,58.0,7.959821926989529
915,0.21280800000056388,52.0,50.0,8.268743663910318
916,0.6870409999990557,15.0,78.0,9.09046543318402
917,0.3933749999998071,-36.0,120.0,9.512337466742977
918,0.2698450000000463,62.0,13.0,9.383220645940169
919,0.3205219999991016,91.0,11.0,9.102319310754922
920,0.3222720000000123,84.0,18.0,8.760954207553002
921,0.1371050000003038,61.0,32.0,9.144743258519512
922,0.6807570000013641,-191.0,293.0,9.7711233339203
923,0.3606299999994178,39.0,54.0,9.579156037854364
924,0.2865340000006711,58.0,35.0,10.077837732890236
925,0.5116839999992351,-6.0,90.0,9.646302107368335
926,0.11718799999904661,80.0,13.0,8.928878860833088
927,0.36046399999989376,72.0,30.0,8.417747623836155
928,0.6024739999990203,-89.0,191.0,8.11625879406401
929,0.3579290000015334,47.0,55.0,7.833121138164417
930,0.3278009999991838,52.0,41.0,7.533402406601136
931,0.22512099999971724,-14.0,62.0,7.779053970952806
932,0.15476499999955706,64.0,38.0,8.094477947793859
933,0.4115179999999441,47.0,55.0,8.112452921888057
934,0.7987600000003425,63.0,39.0,8.101324147790532
935,0.34185400000019683,71.0,22.0,8.214298680109405
936,0.16368100000008212,88.0,14.0,8.043770541255771
937,0.8083679999995041,26.0,67.0,7.8197994219307505
938,0.38703800000128297,78.0,24.0,7.701903831965898
939,0.4619650000012854,93.0,9.0,7.45581931733946
940,0.34867299999952195,-12.0,114.0,7.976479129128802
941,0.2700469999989963,49.0,53.0,7.825750895776743
942,0.3717129999998292,69.0,24.0,7.088864736545671
943,0.6528030000012564,-371.0,266.0,7.982796314789165
944,1.033694000000196,-278.0,272.0,8.801296044761838
945,0.6104769999986104,65.0,28.0,8.862816809251138
946,0.47543700000041156,78.0,24.0,9.276670378871298
947,0.1864069999992779,35.0,58.0,9.274778602292253
948,0.20698199999991118,60.0,42.0,9.957621110456376
949,0.3476930000001488,65.0,37.0,10.837266121965744
950,0.21097299999972563,-50.0,152.0,10.683184615840613
951,0.5943639999994588,-62.0,146.0,10.631927314410289
952,0.3501630000002365,-921.0,1023.0,10.306615649799145
953,0.3995630000002137,40.0,44.0,9.305938927569139
954,0.5451089999990444,67.0,35.0,8.455960487005338
955,0.28097200000054556,20.0,73.0,8.405305574334522
956,0.4763669999992004,61.0,41.0,8.031590646804059
957,0.2543180000014189,78.0,24.0,8.443927410178329
958,0.40975699999989956,-311.0,368.0,8.333683124029697
959,0.34361199999999315,72.0,30.0,7.953974100964612
960,1.0777019999999027,-396.0,453.0,8.104342358546736
961,0.24402800000089542,62.0,40.0,8.402106041431619
962,0.34974399999931904,29.0,73.0,8.936631668128042
963,0.3861999999994481,72.0,30.0,9.062315749357014
964,0.48603600000163283,43.0,59.0,9.140634519356983
965,0.2860779999984686,3.0,99.0,9.125563955400992
966,0.3130480000006486,91.0,11.0,9.215250851483015
967,0.44179700000057665,52.0,32.0,9.05202448072733
968,0.2758600000003497,-22.0,115.0,9.030168600704707
969,0.5138480000006496,-36.0,129.0,9.196459820055798
970,0.6580340000006402,84.0,18.0,9.211633391200348
971,0.6217859999999575,21.0,72.0,8.801954484376667
972,0.21944500000081746,69.0,33.0,8.475357142226322
973,0.1740429999994575,73.0,29.0,8.472708309648686
974,0.23567299999882607,-211.0,313.0,7.821124726966637
975,0.6127060000000739,56.0,37.0,7.481802865897691
976,0.5315770000002829,86.0,16.0,7.325354893471082
977,0.15534100000103024,43.0,50.0,7.432674526894975
978,0.3568469999990498,65.0,28.0,7.394669157693466
979,0.5741509999985794,74.0,28.0,7.337974963392867
980,0.2021709999997512,77.0,16.0,7.327875741080102
981,0.7729330000003642,78.0,24.0,7.778404104911222
982,0.4864070000003551,78.0,15.0,8.192180603097455
983,0.5036479999986909,63.0,30.0,8.658218659373349
984,0.6506799999996815,35.0,58.0,9.64615414549439
985,0.20379799999936665,78.0,24.0,9.590984276895428
986,0.35836200000005647,48.0,54.0,9.791674565433258
987,0.20775800000016886,44.0,58.0,9.847470034742598
988,0.30880699999968897,-256.0,358.0,9.954914748627061
989,0.3719190000008865,-124.0,190.0,9.25440022206101
990,0.2664850000009267,69.0,15.0,9.415912954847123
991,0.2508990000009703,90.0,12.0,9.939238599556147
992,0.768228000000093,-39.0,132.0,9.678556347096043
993,0.8027110000004001,67.0,35.0,9.374667630608322
994,0.23935099999938814,-44.0,146.0,8.568194480817347
995,0.6842630000001293,80.0,22.0,8.742572410335304
996,0.252456000000123,75.0,27.0,8.56658739296507
997,0.2670660000010372,79.0,23.0,8.001973481132882
998,0.3829179999996768,67.0,35.0,7.823426926638722
999,0.2910130000000066,88.0,14.0,7.763838322369148
1000,0.15921800000029407,69.0,24.0,7.2778287472789795
